,bpm,ibi,sdnn,sdsd,rmssd,pnn20,pnn50,hr_mad,sd1,sd2,s,sd1/sd2,breathingrate
0,116.27906976744185,516.0,165.60883344280194,90.9540543351422,319.6147681193721,1.0,1.0,8.0,203.71430975756218,136.28910448014543,87223.30675779976,1.4947219041067163,0.13842746400885936
