,bpm,ibi,sdnn,sdsd,rmssd,pnn20,pnn50,hr_mad,sd1,sd2,s,sd1/sd2,breathingrate
0,172.81918645661884,347.18367346938777,176.2002193087875,110.7489096454422,280.8677031391589,1.0,0.9861111111111112,166.0,196.97544811598684,148.35366069624067,91803.71098626952,1.3277424176225823,0.16666666666666666
