,bpm,ibi,sdnn,sdsd,rmssd,pnn20,pnn50,hr_mad,sd1,sd2,s,sd1/sd2,breathingrate
0,131.0425160163075,457.8666666666667,149.29428060787268,157.0675721535869,346.9255443655502,1.0,1.0,32.0,239.35468799809763,118.26148053266445,88927.3032467015,2.0239446260947713,0.29120559114735
