,bpm,ibi,sdnn,sdsd,rmssd,pnn20,pnn50,hr_mad,sd1,sd2,s,sd1/sd2,breathingrate
0,175.89576547231272,341.1111111111111,172.0713317490062,126.06030302993881,296.1675201638424,1.0,1.0,152.0,209.38462216695856,82.88787607364542,54523.74358200415,2.52611880151111,0.3257328990228013
