,bpm,ibi,sdnn,sdsd,rmssd,pnn20,pnn50,hr_mad,sd1,sd2,s,sd1/sd2,breathingrate
0,98.44559585492227,609.4736842105264,190.16761814696463,25.884835161886286,380.43717542380693,1.0,1.0,116.0,255.895812131943,18.27093759208395,14688.379520951423,14.00562017369115,0.3454231433506045
