,bpm,ibi,sdnn,sdsd,rmssd,pnn20,pnn50,hr_mad,sd1,sd2,s,sd1/sd2,breathingrate
0,131.00436681222706,458.0,162.68988905276197,0.0,96.0,1.0,1.0,106.0,0.0,0.0,0.0,,0.5458515283842794
